index	gene	Strand	Variant_Classification	Tumor_Sample_Barcode	Patient_ID	mutation	mutation_loc	driver	driver_mutation_type	has_driver	genic_region	CADD_score_raw	CADD_score_PHRED	gene_length	CADD_score_normalized
3	DNMT3A	+	Missense_Mutation	f8f0a423-1a3e-4fcc-e040-11ac0c481cb6	DO52756	2:25457242-25457242:C:T	2:25457242:C:T	True	CNA, mutational	Drivers	exonic	5.604568	29.9	109615	0.7108255868363718
6	DNMT3A	+	Nonsense_Mutation	f8fae6e5-93b5-7233-e040-11ac0c4830e7	DO52762	2:25457163-25457163:A:T	2:25457163:A:T	True	mutational	Drivers	exonic	7.829947	36.0	109615	1.0
7	DNMT3A	+	Missense_Mutation	f9031d03-def1-24b4-e040-11ac0c486570	DO52744	2:25457176-25457176:G:A	2:25457176:G:A	True	mutational	Drivers	exonic	5.885882	32.0	109615	0.7473806234682051
8	TET2	+	Nonsense_Mutation	f9031d03-def1-24b4-e040-11ac0c486570	DO52744	4:106157053-106157053:C:T	4:106157053:C:T	True	mutational	Drivers	exonic	8.33192	36.0	133942	0.9889678244544627
14	SH2B3	+	Missense_Mutation	f90d51f8-3bc4-2e66-e040-11ac0d484d19	DO52736	12:111885596-111885596:T:C	12:111885596:T:C	False		Passengers in absence of driver	exonic	5.334977	28.3	45676	0.5
15	TET2	+	Missense_Mutation	f90d51f8-3bc4-2e66-e040-11ac0d484d19	DO52736	4:106164860-106164860:A:G	4:106164860:A:G	True	mutational	Drivers	exonic	-0.801992	0.046	133942	0.0
18	DNMT3A	+	Intron	f92a78d1-90ff-70c8-e040-11ac0d485eca	DO52745	2:25484714-25484714:C:G	2:25484714:C:G	False		Passengers in absence of driver	intronic	0.134318	3.509	109615	0.0
19	TET2	+	Nonsense_Mutation	f92a78d1-90ff-70c8-e040-11ac0d485eca	DO52745	4:106156180-106156180:C:T	4:106156180:C:T	True	mutational	Drivers	exonic	8.433811	37.0	133942	1.0
21	TET2	+	Intron	f93abbbf-5e13-9b85-e040-11ac0d485718	DO52735	4:106177054-106177054:C:T	4:106177054:C:T	False		Passengers in absence of driver	ncRNA	-0.155842	0.869	133942	0.06996143161563753
